id,title,description,link,image_link,price,sale_price,availability,condition,google_product_category,product_type,brand,gtin,mpn,tax,color,gender,material,pattern,size,size_type,shipping,shipping_weight,shipping_width,custom_label_0,custom_label_1,custom_label_2,custom_label_3,custom_label_4
39672408440930,3D Roller face Massager," A rejuvenating beauty roller that deeply kneads the skin and muscles on par with a luxurious, professional facial massage. Relieves facial tension Improves skin elasticity by tightening and toning the skin Reduces the appearance of fine lines Reduces dark circles around the eyes Promotes penetration of beauty products such as face creams Promotes blood circulation to the face for a healthy, natural glow Always start with clean skin that has been prepped with skincare product. Begin with the neck and roll the Tension Melting Massager along the base of the neck and the shoulders. Due to the special shape and angle of the double rollers, you will feel a deep kneading massage. Moving to the face, roll the massager in an outwards and upwards direction across the contours of the face. Breathe deeply and feel the tension melt away. Due to natural variations in stones, every roller is unique in pattern and color. Warn before use Remove accessories such as necklaces, earrings. Stack the hair or firm it with the hair band, to avoid tangling, and the massage will be more gentle.Â Use the bobby pin for short hair. For dry or sensitive skin, please apply a little lotion before use or Vitamin C Serum ",https://www.sensorgift.com/products/3d-roller-face-massager?variant=39672408440930,https://cdn.shopify.com/s/files/1/0555/7338/1218/products/3D-massager-roller_1_1024x1024_2x_d64b147c-f820-4d14-bda0-3b0771f1f4ee.jpg?v=1648039452,19.99 USD,,in stock,new,,N/A,sensorgift,,,,GOLD,,,,,,,0,,,,,,
39672408473698,3D Roller face Massager," A rejuvenating beauty roller that deeply kneads the skin and muscles on par with a luxurious, professional facial massage. Relieves facial tension Improves skin elasticity by tightening and toning the skin Reduces the appearance of fine lines Reduces dark circles around the eyes Promotes penetration of beauty products such as face creams Promotes blood circulation to the face for a healthy, natural glow Always start with clean skin that has been prepped with skincare product. Begin with the neck and roll the Tension Melting Massager along the base of the neck and the shoulders. Due to the special shape and angle of the double rollers, you will feel a deep kneading massage. Moving to the face, roll the massager in an outwards and upwards direction across the contours of the face. Breathe deeply and feel the tension melt away. Due to natural variations in stones, every roller is unique in pattern and color. Warn before use Remove accessories such as necklaces, earrings. Stack the hair or firm it with the hair band, to avoid tangling, and the massage will be more gentle.Â Use the bobby pin for short hair. For dry or sensitive skin, please apply a little lotion before use or Vitamin C Serum ",https://www.sensorgift.com/products/3d-roller-face-massager?variant=39672408473698,https://cdn.shopify.com/s/files/1/0555/7338/1218/products/Sans_titre_15_1024x1024_2x_5fdc0b0f-7557-4a75-b227-7e2c6e3f08f0.png?v=1648039452,19.99 USD,,in stock,new,,N/A,sensorgift,,,,PURPLE,,,,,,,0,,,,,,
39672408506466,3D Roller face Massager," A rejuvenating beauty roller that deeply kneads the skin and muscles on par with a luxurious, professional facial massage. Relieves facial tension Improves skin elasticity by tightening and toning the skin Reduces the appearance of fine lines Reduces dark circles around the eyes Promotes penetration of beauty products such as face creams Promotes blood circulation to the face for a healthy, natural glow Always start with clean skin that has been prepped with skincare product. Begin with the neck and roll the Tension Melting Massager along the base of the neck and the shoulders. Due to the special shape and angle of the double rollers, you will feel a deep kneading massage. Moving to the face, roll the massager in an outwards and upwards direction across the contours of the face. Breathe deeply and feel the tension melt away. Due to natural variations in stones, every roller is unique in pattern and color. Warn before use Remove accessories such as necklaces, earrings. Stack the hair or firm it with the hair band, to avoid tangling, and the massage will be more gentle.Â Use the bobby pin for short hair. For dry or sensitive skin, please apply a little lotion before use or Vitamin C Serum ",https://www.sensorgift.com/products/3d-roller-face-massager?variant=39672408506466,https://cdn.shopify.com/s/files/1/0555/7338/1218/products/3D-massager-roller_2_1024x1024_2x_b61fe047-191f-4b27-8306-1ec481e36de8.jpg?v=1648039452,19.99 USD,,in stock,new,,N/A,sensorgift,,,,SILVER,,,,,,,0,,,,,,
39621954863202,Apple Wood Chips - 80g," Our Wood Chips Available in three unique wood types: apple, cherry, and original mixed wood. Â Each type of wood provides a unique flavor and aroma for your drinks. Each container is 80g which provides enough wood chips to infuse over 100 cocktails Wood Chips options include apple, cherry, and Original Mixed Wood Each container includes a silica pack to keep the wood free of moisture so it is ready to burn Wood chips from Aged &amp; Charred are sized for burning quickly and creating a rich plume of smoke ",https://www.sensorgift.com/products/apple-wood-chips-80g?variant=39621954863202,https://cdn.shopify.com/s/files/1/0555/7338/1218/products/5.jpg?v=1646738817,14.99 USD,,in stock,new,,N/A,Sensorgift,,,,,,,,,,,0,,,,,,
39666834538594,CELESTIAL CAT CRYSTAL SHELF, âœ¦Â Introducing our new Celestial Cat Shelf shelfÂ âœ¦ An original wooden design handcrafted by Kate and her small team at Coppermoon to bring a bit of magic and sacredness to your home. She has embedded stars in her body and a gold tinted mirror in her tail. She is made out of poplar wood and stained in a choice of dark brown and oak colour for the ginger cat and a matt black colour with Gold for the Black cat. You can choose to either have one cat facing to the left or the right or both cats to create a magical cat scene in your home! This piece is primarily designed to sit on a flat surface but it can also be hung using the included attachments Dimensions 41 cm High x 31 cm Wide x 3.6 cm Deep (for storage),https://www.sensorgift.com/products/celestial-cat-crystal-shelf?variant=39666834538594,https://cdn.shopify.com/s/files/1/0555/7338/1218/products/IMG_9018_1080x_1.webp?v=1647781453,49.99 USD,,in stock,new,,N/A,sensorgift,,,,Black Cat,,,,,,,0,,,,,,
39666834571362,CELESTIAL CAT CRYSTAL SHELF, âœ¦Â Introducing our new Celestial Cat Shelf shelfÂ âœ¦ An original wooden design handcrafted by Kate and her small team at Coppermoon to bring a bit of magic and sacredness to your home. She has embedded stars in her body and a gold tinted mirror in her tail. She is made out of poplar wood and stained in a choice of dark brown and oak colour for the ginger cat and a matt black colour with Gold for the Black cat. You can choose to either have one cat facing to the left or the right or both cats to create a magical cat scene in your home! This piece is primarily designed to sit on a flat surface but it can also be hung using the included attachments Dimensions 41 cm High x 31 cm Wide x 3.6 cm Deep (for storage),https://www.sensorgift.com/products/celestial-cat-crystal-shelf?variant=39666834571362,https://cdn.shopify.com/s/files/1/0555/7338/1218/products/facing_right.webp?v=1647781453,49.99 USD,,in stock,new,,N/A,sensorgift,,,,Black Cat,,,,,,,0,,,,,,
39666834604130,CELESTIAL CAT CRYSTAL SHELF, âœ¦Â Introducing our new Celestial Cat Shelf shelfÂ âœ¦ An original wooden design handcrafted by Kate and her small team at Coppermoon to bring a bit of magic and sacredness to your home. She has embedded stars in her body and a gold tinted mirror in her tail. She is made out of poplar wood and stained in a choice of dark brown and oak colour for the ginger cat and a matt black colour with Gold for the Black cat. You can choose to either have one cat facing to the left or the right or both cats to create a magical cat scene in your home! This piece is primarily designed to sit on a flat surface but it can also be hung using the included attachments Dimensions 41 cm High x 31 cm Wide x 3.6 cm Deep (for storage),https://www.sensorgift.com/products/celestial-cat-crystal-shelf?variant=39666834604130,https://cdn.shopify.com/s/files/1/0555/7338/1218/products/IMG_9013_1080x_025be8e2-e87c-4a23-9c0a-291efd73a308.webp?v=1647781453,98.95 USD,,in stock,new,,N/A,sensorgift,,,,Black Cat,,,,,,,0,,,,,,
39621954895970,Cherry Wood Chips - 80g," Our Wood Chips Available in three unique wood types: apple, cherry, and original mixed wood. Â Each type of wood provides a unique flavor and aroma for your drinks. Each container is 80g which provides enough wood chips to infuse over 100 cocktails Wood Chips options include apple, cherry, and Original Mixed Wood Each container includes a silica pack to keep the wood free of moisture so it is ready to burn Wood chips from Aged &amp; Charred are sized for burning quickly and creating a rich plume of smoke ",https://www.sensorgift.com/products/cherry-wood-chips-80g?variant=39621954895970,https://cdn.shopify.com/s/files/1/0555/7338/1218/products/6.jpg?v=1646738818,14.99 USD,,in stock,new,,N/A,Sensorgift,,,,,,,,,,,0,,,,,,
39672439930978,Ear Cleaner Wax Removal," Ear Wax Removal deviceÂ Â wirelessly streams a full view of the inside of your ear to your iPhone or Android device, connects seamlessly over WiFi.it uses high brightness LED lights toÂ illuminate the ear canal and achieve a clear imageÂ with an integrated waterproof camera to see and target wax easily and painless. Our wax removal kit can help youÂ  illuminate the ear inspection area and capture more realistic images, which is easier to help you to check whether there isÂ ear infection inside or remove the earwax safely, andÂ suitable for daily ear cleaning care and professionalÂ examination of ear diseases. Â Built-in WiFi hotspot and 3mm diameter camera lens, can realize clear image of earwax removal and full real-time video, rich in detail, convenient forÂ real observation and auditory canal inspection . High brightness LED lights can provide auxiliary lighting to helpÂ improve image clarity in dark or low light conditions. It is widely compatible with Android and iOS smartphones and tablets, which makes connection more convenient. The waterproof camera lens can enter the body moreÂ easily and painlessly, and is suitable for eyes, nose, mouth, skin and other parts. Please scan QR code to download Android or IOS app. After app installed, please long press power button to turn on the ear pen. Then we will see led lights are lighting and hotspot wifi is ready to be connected. Click""Connection"" to find hotspot wifi in mobile phone wifi settings and connect it successfully. Then we can click""Start"" to enter into the display screen. ",https://www.sensorgift.com/products/ear-cleaner-wax-removal?variant=39672439930978,https://cdn.shopify.com/s/files/1/0555/7338/1218/products/Ear-wax-removal_1024x1024_2x_3ebe195d-5f9b-454b-a3a9-df7f4fb57b78.png?v=1648040752,37.95 USD,,in stock,new,,N/A,sensorgift,,,,Green,,,,,,,0,,,,,,
39672439963746,Ear Cleaner Wax Removal," Ear Wax Removal deviceÂ Â wirelessly streams a full view of the inside of your ear to your iPhone or Android device, connects seamlessly over WiFi.it uses high brightness LED lights toÂ illuminate the ear canal and achieve a clear imageÂ with an integrated waterproof camera to see and target wax easily and painless. Our wax removal kit can help youÂ  illuminate the ear inspection area and capture more realistic images, which is easier to help you to check whether there isÂ ear infection inside or remove the earwax safely, andÂ suitable for daily ear cleaning care and professionalÂ examination of ear diseases. Â Built-in WiFi hotspot and 3mm diameter camera lens, can realize clear image of earwax removal and full real-time video, rich in detail, convenient forÂ real observation and auditory canal inspection . High brightness LED lights can provide auxiliary lighting to helpÂ improve image clarity in dark or low light conditions. It is widely compatible with Android and iOS smartphones and tablets, which makes connection more convenient. The waterproof camera lens can enter the body moreÂ easily and painlessly, and is suitable for eyes, nose, mouth, skin and other parts. Please scan QR code to download Android or IOS app. After app installed, please long press power button to turn on the ear pen. Then we will see led lights are lighting and hotspot wifi is ready to be connected. Click""Connection"" to find hotspot wifi in mobile phone wifi settings and connect it successfully. Then we can click""Start"" to enter into the display screen. ",https://www.sensorgift.com/products/ear-cleaner-wax-removal?variant=39672439963746,https://cdn.shopify.com/s/files/1/0555/7338/1218/products/Ear-wax-removal_2__jpg_1024x1024_2x_61915356-7058-49f4-b7a9-6a50f079bbc2.png?v=1648040752,37.95 USD,,in stock,new,,N/A,sensorgift,,,,Red,,,,,,,0,,,,,,
39672439996514,Ear Cleaner Wax Removal," Ear Wax Removal deviceÂ Â wirelessly streams a full view of the inside of your ear to your iPhone or Android device, connects seamlessly over WiFi.it uses high brightness LED lights toÂ illuminate the ear canal and achieve a clear imageÂ with an integrated waterproof camera to see and target wax easily and painless. Our wax removal kit can help youÂ  illuminate the ear inspection area and capture more realistic images, which is easier to help you to check whether there isÂ ear infection inside or remove the earwax safely, andÂ suitable for daily ear cleaning care and professionalÂ examination of ear diseases. Â Built-in WiFi hotspot and 3mm diameter camera lens, can realize clear image of earwax removal and full real-time video, rich in detail, convenient forÂ real observation and auditory canal inspection . High brightness LED lights can provide auxiliary lighting to helpÂ improve image clarity in dark or low light conditions. It is widely compatible with Android and iOS smartphones and tablets, which makes connection more convenient. The waterproof camera lens can enter the body moreÂ easily and painlessly, and is suitable for eyes, nose, mouth, skin and other parts. Please scan QR code to download Android or IOS app. After app installed, please long press power button to turn on the ear pen. Then we will see led lights are lighting and hotspot wifi is ready to be connected. Click""Connection"" to find hotspot wifi in mobile phone wifi settings and connect it successfully. Then we can click""Start"" to enter into the display screen. ",https://www.sensorgift.com/products/ear-cleaner-wax-removal?variant=39672439996514,https://cdn.shopify.com/s/files/1/0555/7338/1218/products/Ear-wax-removal_1_1024x1024_2x_341a7e15-5c2b-4832-877d-cbae005860a4.png?v=1648040752,37.95 USD,,in stock,new,,N/A,sensorgift,,,,Black,,,,,,,0,,,,,,
39672426430562,EMS Face Massager," All estheticians know that boosting healthy blood and lymphatic circulation are both essential in every effective facial. By using warming and cooling sensations on our skin for just 2 minutes a day, we get the benefits of healthy circulation. Our Hot &amp; Cold Galvanic LED Facial Massager with EMS gives you maximum collagen boosting benefits with 2 forms of LED plus lifting EMS therapy. The Dirt in Deep Pores Is Discharged Through Biological Current and Thoroughly Cleaned Using the Principle of Positive and Negative Ion Inter-Attraction. Iontophoresis allows cosmetic ingredients to penetrate the skinâ€™s bottom layer. Mechanical Vibration and Voltage Stimulation Have Been Used to Tighten Human Skin, Increase Elasticity, and Improve Skin Cell Metabolism. Warm massage promotes absorption, stretches the skinâ€™s texture, and plumps the skin. Blue and Red Light Function: Improves skin elasticity, sagging, and wrinkles. Blue light therapy (wavelength 470nm â€“ 10nm) is a type of light therapy that uses blue light. Blue light is particularly effective in the treatment of acne. Your skin will be disinfected because of this. Blue light also aids in the healing of inflammation. Skin Tightening, Brighten Skin Color, Resist Wrinkles, Remove Wrinkles, Remove Face, and Clean Detoxification are the four modes available. Apply a serum and moisturizer on dry, clean skin. Turn on the device to your preferred treatment mode, level of intensity, and red or blue LED. massage the skin in circular motions. Â  ",https://www.sensorgift.com/products/ems-face-massager?variant=39672426430562,https://cdn.shopify.com/s/files/1/0555/7338/1218/products/EMS-face_-massager_1_1024x1024_2x_354818ff-601e-4ef5-852d-2d0f72f14159.png?v=1648039956,47.95 USD,,in stock,new,,N/A,sensorgift,,,,PINK,,,,,,,0,,,,,,
39672426463330,EMS Face Massager," All estheticians know that boosting healthy blood and lymphatic circulation are both essential in every effective facial. By using warming and cooling sensations on our skin for just 2 minutes a day, we get the benefits of healthy circulation. Our Hot &amp; Cold Galvanic LED Facial Massager with EMS gives you maximum collagen boosting benefits with 2 forms of LED plus lifting EMS therapy. The Dirt in Deep Pores Is Discharged Through Biological Current and Thoroughly Cleaned Using the Principle of Positive and Negative Ion Inter-Attraction. Iontophoresis allows cosmetic ingredients to penetrate the skinâ€™s bottom layer. Mechanical Vibration and Voltage Stimulation Have Been Used to Tighten Human Skin, Increase Elasticity, and Improve Skin Cell Metabolism. Warm massage promotes absorption, stretches the skinâ€™s texture, and plumps the skin. Blue and Red Light Function: Improves skin elasticity, sagging, and wrinkles. Blue light therapy (wavelength 470nm â€“ 10nm) is a type of light therapy that uses blue light. Blue light is particularly effective in the treatment of acne. Your skin will be disinfected because of this. Blue light also aids in the healing of inflammation. Skin Tightening, Brighten Skin Color, Resist Wrinkles, Remove Wrinkles, Remove Face, and Clean Detoxification are the four modes available. Apply a serum and moisturizer on dry, clean skin. Turn on the device to your preferred treatment mode, level of intensity, and red or blue LED. massage the skin in circular motions. Â  ",https://www.sensorgift.com/products/ems-face-massager?variant=39672426463330,https://cdn.shopify.com/s/files/1/0555/7338/1218/products/EMS-face_-massager_3__1_1024x1024_2x_1900f077-70d4-4e55-9a35-ec66e46fb0ab.png?v=1648039956,47.95 USD,,in stock,new,,N/A,sensorgift,,,,WHITE,,,,,,,0,,,,,,
39621954928738,Glass Topper Drinks Smoker - 8 Wood Chips Set," Experence Cocktails Like Never Before Â  Makes You The Professional Bartender This new and innovative Drinks smoker is quite easy and convenient to use. You can create the perfect smoking cloche for cocktails at home - cocktail smoking kit is an indispensable tool for family gatherings that will make your friends wow!Â  Â  Outdoor Carry Convenience Â Small and delicate cocktail smoker is easy to be taken, enabling you to enjoy smoky cocktails anywhere you like. Itâ€™s also skillfully designed to smoke your cocktails right in the glass without extra need for large smoking domes or messy wood planks. Gourmet Confection Of Wood A set of 8 unique wood chips, Each type of wood provides a unique flavor and aroma for your drinks. Hickory, Pecan, Cherry, Toghigi, Apple, Oak, Peartree, and Mixeed Wood ",https://www.sensorgift.com/products/glass-topper-drinks-smoker-8-wood-chips-set?variant=39621954928738,https://cdn.shopify.com/s/files/1/0555/7338/1218/products/8.jpg?v=1646738819,39.97 USD,,in stock,new,,N/A,Sensorgift,,,,,,,,,,,0,,,,,,
39672458936418,IPL Hair Removal 300000 flash," IPL Hair RemovalÂ Â canÂ be used on any body partÂ in just a few minutes, all from the comfort of your own home!Â TheÂ  IPL Hair RemovalÂ  has 10+ years of flashes when used as recommendedÂ so you will be able to be hair free for a very long time! Quick and easy:Â each session only takes a few minutes once per week. Most advanced :Â Equipped with Intense Pulsed Light technology. Safe to use:Â use almost anywhere including arms, armpits, legs, chest, bikini, stomach, back, and FCSÂ  More efficient :Â Our auto-slide flash technology rapidly speeds up session time. Quick results :Â Visible results in just a few sessions. Use at home :Â Use on your own time in the convenience of your own home. Remove excess hair by shaving, epilating, or waxing the area before the first treatment Select the correct intensity level Turn the unit on and press the Mini system to your skin. Wait for the flash light to turn on and press the flash button To achieve best results, use it every two weeks for the first two months and then do a monthly touch-up.For the first use, it is recommended to use level 1, and slowly strengthen according to the effect. Â  ",https://www.sensorgift.com/products/ipl-hair-removal-300000-flash?variant=39672458936418,https://cdn.shopify.com/s/files/1/0555/7338/1218/products/0x1296_1643586034f2b4a517fe.jpg?v=1648042822,79.99 USD,,in stock,new,,N/A,sensorgift,,,,PINK,,,,,,,0,,,,,,
39672458969186,IPL Hair Removal 300000 flash," IPL Hair RemovalÂ Â canÂ be used on any body partÂ in just a few minutes, all from the comfort of your own home!Â TheÂ  IPL Hair RemovalÂ  has 10+ years of flashes when used as recommendedÂ so you will be able to be hair free for a very long time! Quick and easy:Â each session only takes a few minutes once per week. Most advanced :Â Equipped with Intense Pulsed Light technology. Safe to use:Â use almost anywhere including arms, armpits, legs, chest, bikini, stomach, back, and FCSÂ  More efficient :Â Our auto-slide flash technology rapidly speeds up session time. Quick results :Â Visible results in just a few sessions. Use at home :Â Use on your own time in the convenience of your own home. Remove excess hair by shaving, epilating, or waxing the area before the first treatment Select the correct intensity level Turn the unit on and press the Mini system to your skin. Wait for the flash light to turn on and press the flash button To achieve best results, use it every two weeks for the first two months and then do a monthly touch-up.For the first use, it is recommended to use level 1, and slowly strengthen according to the effect. Â  ",https://www.sensorgift.com/products/ipl-hair-removal-300000-flash?variant=39672458969186,https://cdn.shopify.com/s/files/1/0555/7338/1218/products/0x1296_1643586034f2b4a517fe.jpg?v=1648042822,79.99 USD,,in stock,new,,N/A,sensorgift,,,,PINK,,,,,,,0,,,,,,
39672459001954,IPL Hair Removal 300000 flash," IPL Hair RemovalÂ Â canÂ be used on any body partÂ in just a few minutes, all from the comfort of your own home!Â TheÂ  IPL Hair RemovalÂ  has 10+ years of flashes when used as recommendedÂ so you will be able to be hair free for a very long time! Quick and easy:Â each session only takes a few minutes once per week. Most advanced :Â Equipped with Intense Pulsed Light technology. Safe to use:Â use almost anywhere including arms, armpits, legs, chest, bikini, stomach, back, and FCSÂ  More efficient :Â Our auto-slide flash technology rapidly speeds up session time. Quick results :Â Visible results in just a few sessions. Use at home :Â Use on your own time in the convenience of your own home. Remove excess hair by shaving, epilating, or waxing the area before the first treatment Select the correct intensity level Turn the unit on and press the Mini system to your skin. Wait for the flash light to turn on and press the flash button To achieve best results, use it every two weeks for the first two months and then do a monthly touch-up.For the first use, it is recommended to use level 1, and slowly strengthen according to the effect. Â  ",https://www.sensorgift.com/products/ipl-hair-removal-300000-flash?variant=39672459001954,https://cdn.shopify.com/s/files/1/0555/7338/1218/products/0x1296_1643586034f2b4a517fe.jpg?v=1648042822,79.99 USD,,in stock,new,,N/A,sensorgift,,,,PINK,,,,,,,0,,,,,,
39672459034722,IPL Hair Removal 300000 flash," IPL Hair RemovalÂ Â canÂ be used on any body partÂ in just a few minutes, all from the comfort of your own home!Â TheÂ  IPL Hair RemovalÂ  has 10+ years of flashes when used as recommendedÂ so you will be able to be hair free for a very long time! Quick and easy:Â each session only takes a few minutes once per week. Most advanced :Â Equipped with Intense Pulsed Light technology. Safe to use:Â use almost anywhere including arms, armpits, legs, chest, bikini, stomach, back, and FCSÂ  More efficient :Â Our auto-slide flash technology rapidly speeds up session time. Quick results :Â Visible results in just a few sessions. Use at home :Â Use on your own time in the convenience of your own home. Remove excess hair by shaving, epilating, or waxing the area before the first treatment Select the correct intensity level Turn the unit on and press the Mini system to your skin. Wait for the flash light to turn on and press the flash button To achieve best results, use it every two weeks for the first two months and then do a monthly touch-up.For the first use, it is recommended to use level 1, and slowly strengthen according to the effect. Â  ",https://www.sensorgift.com/products/ipl-hair-removal-300000-flash?variant=39672459034722,https://cdn.shopify.com/s/files/1/0555/7338/1218/products/0x1296_1643586034f2b4a517fe.jpg?v=1648042822,79.99 USD,,in stock,new,,N/A,sensorgift,,,,PINK,,,,,,,0,,,,,,
39672459067490,IPL Hair Removal 300000 flash," IPL Hair RemovalÂ Â canÂ be used on any body partÂ in just a few minutes, all from the comfort of your own home!Â TheÂ  IPL Hair RemovalÂ  has 10+ years of flashes when used as recommendedÂ so you will be able to be hair free for a very long time! Quick and easy:Â each session only takes a few minutes once per week. Most advanced :Â Equipped with Intense Pulsed Light technology. Safe to use:Â use almost anywhere including arms, armpits, legs, chest, bikini, stomach, back, and FCSÂ  More efficient :Â Our auto-slide flash technology rapidly speeds up session time. Quick results :Â Visible results in just a few sessions. Use at home :Â Use on your own time in the convenience of your own home. Remove excess hair by shaving, epilating, or waxing the area before the first treatment Select the correct intensity level Turn the unit on and press the Mini system to your skin. Wait for the flash light to turn on and press the flash button To achieve best results, use it every two weeks for the first two months and then do a monthly touch-up.For the first use, it is recommended to use level 1, and slowly strengthen according to the effect. Â  ",https://www.sensorgift.com/products/ipl-hair-removal-300000-flash?variant=39672459067490,https://cdn.shopify.com/s/files/1/0555/7338/1218/products/IPL-HAIR-REMOVAL_1_1024x1024_2x_26ee8f8e-5489-4a51-9766-82301f85f4fa.png?v=1648042822,79.99 USD,,in stock,new,,N/A,sensorgift,,,,WHITE,,,,,,,0,,,,,,
39672459100258,IPL Hair Removal 300000 flash," IPL Hair RemovalÂ Â canÂ be used on any body partÂ in just a few minutes, all from the comfort of your own home!Â TheÂ  IPL Hair RemovalÂ  has 10+ years of flashes when used as recommendedÂ so you will be able to be hair free for a very long time! Quick and easy:Â each session only takes a few minutes once per week. Most advanced :Â Equipped with Intense Pulsed Light technology. Safe to use:Â use almost anywhere including arms, armpits, legs, chest, bikini, stomach, back, and FCSÂ  More efficient :Â Our auto-slide flash technology rapidly speeds up session time. Quick results :Â Visible results in just a few sessions. Use at home :Â Use on your own time in the convenience of your own home. Remove excess hair by shaving, epilating, or waxing the area before the first treatment Select the correct intensity level Turn the unit on and press the Mini system to your skin. Wait for the flash light to turn on and press the flash button To achieve best results, use it every two weeks for the first two months and then do a monthly touch-up.For the first use, it is recommended to use level 1, and slowly strengthen according to the effect. Â  ",https://www.sensorgift.com/products/ipl-hair-removal-300000-flash?variant=39672459100258,https://cdn.shopify.com/s/files/1/0555/7338/1218/products/IPL-HAIR-REMOVAL_1_1024x1024_2x_26ee8f8e-5489-4a51-9766-82301f85f4fa.png?v=1648042822,79.99 USD,,in stock,new,,N/A,sensorgift,,,,WHITE,,,,,,,0,,,,,,
39672459133026,IPL Hair Removal 300000 flash," IPL Hair RemovalÂ Â canÂ be used on any body partÂ in just a few minutes, all from the comfort of your own home!Â TheÂ  IPL Hair RemovalÂ  has 10+ years of flashes when used as recommendedÂ so you will be able to be hair free for a very long time! Quick and easy:Â each session only takes a few minutes once per week. Most advanced :Â Equipped with Intense Pulsed Light technology. Safe to use:Â use almost anywhere including arms, armpits, legs, chest, bikini, stomach, back, and FCSÂ  More efficient :Â Our auto-slide flash technology rapidly speeds up session time. Quick results :Â Visible results in just a few sessions. Use at home :Â Use on your own time in the convenience of your own home. Remove excess hair by shaving, epilating, or waxing the area before the first treatment Select the correct intensity level Turn the unit on and press the Mini system to your skin. Wait for the flash light to turn on and press the flash button To achieve best results, use it every two weeks for the first two months and then do a monthly touch-up.For the first use, it is recommended to use level 1, and slowly strengthen according to the effect. Â  ",https://www.sensorgift.com/products/ipl-hair-removal-300000-flash?variant=39672459133026,https://cdn.shopify.com/s/files/1/0555/7338/1218/products/IPL-HAIR-REMOVAL_1_1024x1024_2x_26ee8f8e-5489-4a51-9766-82301f85f4fa.png?v=1648042822,79.99 USD,,in stock,new,,N/A,sensorgift,,,,WHITE,,,,,,,0,,,,,,
39672459165794,IPL Hair Removal 300000 flash," IPL Hair RemovalÂ Â canÂ be used on any body partÂ in just a few minutes, all from the comfort of your own home!Â TheÂ  IPL Hair RemovalÂ  has 10+ years of flashes when used as recommendedÂ so you will be able to be hair free for a very long time! Quick and easy:Â each session only takes a few minutes once per week. Most advanced :Â Equipped with Intense Pulsed Light technology. Safe to use:Â use almost anywhere including arms, armpits, legs, chest, bikini, stomach, back, and FCSÂ  More efficient :Â Our auto-slide flash technology rapidly speeds up session time. Quick results :Â Visible results in just a few sessions. Use at home :Â Use on your own time in the convenience of your own home. Remove excess hair by shaving, epilating, or waxing the area before the first treatment Select the correct intensity level Turn the unit on and press the Mini system to your skin. Wait for the flash light to turn on and press the flash button To achieve best results, use it every two weeks for the first two months and then do a monthly touch-up.For the first use, it is recommended to use level 1, and slowly strengthen according to the effect. Â  ",https://www.sensorgift.com/products/ipl-hair-removal-300000-flash?variant=39672459165794,https://cdn.shopify.com/s/files/1/0555/7338/1218/products/IPL-HAIR-REMOVAL_1_1024x1024_2x_26ee8f8e-5489-4a51-9766-82301f85f4fa.png?v=1648042822,79.99 USD,,in stock,new,,N/A,sensorgift,,,,WHITE,,,,,,,0,,,,,,
39666836209762,LUNA MOTH LAMP CRYSTAL SHELF," âœ¦Â Luna Moth wooden crystal shelfÂ âœ¦ An original wooden design handcrafted by Kate and her small team at Coppermoon to bring a bit more magic and sacredness into your home.Â  This beautiful Luna moth lamp design will be a unique place to display your crystals and keepsakes. The shelf is powered by 3 x AA batteries and can easily be turned on and off without taking the lamp off the wall. Made out of Poplar wood and stained in aÂ dark Brown colour with solid Pine wooden shelves Luna moths are magical creatures! They are born, they transform, they love, they die, and then are again reborn. Their cycles are short, as are our years while we are here. We are reminded to make the most of our moments and to live and love to the fullest.Â She is most often seen in the evenings, attracted to the moon and to light.Â She speaks of our connection to the Feminine, our inner spirit, and our trust in ourselves.Â We learn of the importance to find the balance between light and dark, the seen and the unseen.Â She is a reminder that when all is said and done, our healing and sense of love are the ultimate journey. Dimensions cm Height: 27cm, Width:Â  43 cm Depth for crystal storage:Â 4.4cm",https://www.sensorgift.com/products/luna-moth-lamp-crystal-shelf?variant=39666836209762,https://cdn.shopify.com/s/files/1/0555/7338/1218/products/da.webp?v=1647782637,49.95 USD,,in stock,new,,N/A,sensorgift,,,,Dark Wood,,,,,,,0,,,,,,
39666836242530,LUNA MOTH LAMP CRYSTAL SHELF," âœ¦Â Luna Moth wooden crystal shelfÂ âœ¦ An original wooden design handcrafted by Kate and her small team at Coppermoon to bring a bit more magic and sacredness into your home.Â  This beautiful Luna moth lamp design will be a unique place to display your crystals and keepsakes. The shelf is powered by 3 x AA batteries and can easily be turned on and off without taking the lamp off the wall. Made out of Poplar wood and stained in aÂ dark Brown colour with solid Pine wooden shelves Luna moths are magical creatures! They are born, they transform, they love, they die, and then are again reborn. Their cycles are short, as are our years while we are here. We are reminded to make the most of our moments and to live and love to the fullest.Â She is most often seen in the evenings, attracted to the moon and to light.Â She speaks of our connection to the Feminine, our inner spirit, and our trust in ourselves.Â We learn of the importance to find the balance between light and dark, the seen and the unseen.Â She is a reminder that when all is said and done, our healing and sense of love are the ultimate journey. Dimensions cm Height: 27cm, Width:Â  43 cm Depth for crystal storage:Â 4.4cm",https://www.sensorgift.com/products/luna-moth-lamp-crystal-shelf?variant=39666836242530,https://cdn.shopify.com/s/files/1/0555/7338/1218/products/1111.webp?v=1647782637,49.95 USD,,in stock,new,,N/A,sensorgift,,,,Light Wood,,,,,,,0,,,,,,
39668450492514,Magic Metal Kinetic Sculpture,"Due to the difficulty of production, only the last 180 pieces are left in the inventory, And the original price is $239.99, but now it's only $59.95. They will be removed when sold out. If you like it, please buy it as soon as possible. Special Design Perfect Garden Decoration Each blade of this yard spinner is designed to spin in different directions, ball bearing construction allows our wind catcher to quietly spin even in the slightest breeze. Eighteen balanced wings rotating in the wind around a circular axle. Maximum recommended wind 70 mph.ğŸ§¡ã€LIGHT UP YOUR GARDEN WITH SEASONAL COLOR AND IMPRESS YOUR NEIGHBORSã€‘-- easily seen and admired by passers-by but not intrusive to neighbors. Relaxing to watch while spending time out on the sun porch or yard. Would look amazing in any.â¤ï¸ã€STABLE, STURDY WITH MODERN FUNCTIONALITY &amp; ANTIQUE CHARMã€‘-- Many wind spinners outdoor come with a single blade that spins in one direction. Our solar wind spinner has a solid metallic construction with dual wind motion. The two tiers blades smoothly rotate in opposite directions on sealed bearings. Featuring modern functionality with period charm, our durable yard wind spinners have a stability stake at the base to ensure its firmly planted for windy days. â¤ï¸ã€EASY TO INSTALLã€‘-- This gardening decoration is easy to assemble with the instructions and no additional wiring, just simply position it in a sunny location with the metal stake and enjoy your garden ornament. â¤ï¸ã€WEATHER RESISTANTã€‘-- Our kinetic metal wind spinners come with multi-color brushed coat finishes and a stable stake at the base, which is built to withstand all weather, sturdy and durable for windy days. â¤ï¸ã€HIGH QUALITYã€‘-- This garden spinner is constructed with durable iron metal components and a long-lasting combo finish of paint and foil, bright metallic and reflective painting creates a visual sensation in the garden. â¤ï¸ã€MADE IN USAã€‘-- We are a very small family-owned manufacturing company which started out in our home garage. We now own a large warehouse where we manufacture and hand package our products. Support American Business FREQUENTLY ASKED QUESTIONSÂ  Live in the southwest, will the paint colors stand up to excessive summer heat 100+ degrees without bubbling or pealing off? I live in the NW and have had 2 summers with it and colors are still great. 1st year summer was 100 and second summer was 98. Can The height of the spinner be adjusted to lower? You could remove the middle section of the metal post to make it shorter. The sections of pipe could be inter changible. All parts solid metal? All parts is metal. It is very sturdy. Will the wind spinner rotate in both directions? It spins in every direction the wind blows. The wheels rotate independently and it turns both directions to take advantage of every wind there is. How do you secure it so it doesnâ€™t fall over the wind? The bottom post has 3 spiked feet that you stand on to drive them into the ground. Very firm and stable!. ",https://www.sensorgift.com/products/magic-metal-kinetic-sculpture?variant=39668450492514,https://cdn.shopify.com/s/files/1/0555/7338/1218/products/452939519b14765b6a4016ccdd5c2874f67353_4.webp?v=1647866329,239.99 USD,59.95 USD,in stock,new,,N/A,sensorgift,,,,,,,,,,,0,,,,,,
39621955223650,Old Fashioned Smoker Top," Experence Cocktails Like Never Before Â  Makes You The Professional Bartender This new and innovative Drinks smoker is quite easy and convenient to use. You can create the perfect smoking cloche for cocktails at home - cocktail smoking kit is an indispensable tool for family gatherings that will make your friends wow!Â  Gourmet Confection Of Wood Our Wood Chips Available in three unique wood types: apple, cherry, and original mixed wood. Â Each type of wood provides a unique flavor and aroma for your drinks. Each container is 80g which provides enough wood chips to infuse over 100 cocktails Wood Chips options include apple, cherry, and Original Mixed Wood Each container includes a silica pack to keep the wood free of moisture so it is ready to burn Wood chips from Aged &amp; Charred are sized for burning quickly and creating a rich plume of smoke Outdoor Carry Convenience Â Small and delicate cocktail smoker is easy to be taken, enabling you to enjoy smoky cocktails anywhere you like. Itâ€™s also skillfully designed to smoke your cocktails right in the glass without extra need for large smoking domes or messy wood planks. Â ",https://www.sensorgift.com/products/old-fashioned-smoker-top?variant=39621955223650,https://cdn.shopify.com/s/files/1/0555/7338/1218/products/1.jpg?v=1646738827,29.99 USD,,in stock,new,,N/A,Sensorgift,,,,,,,,,,,0,,,,,,
39621955321954,Original Wood Chips - 80g," Our Wood Chips Available in three unique wood types: apple, cherry, and original mixed wood. Â Each type of wood provides a unique flavor and aroma for your drinks. Each container is 80g which provides enough wood chips to infuse over 100 cocktails Wood Chips options include apple, cherry, and Original Mixed Wood Each container includes a silica pack to keep the wood free of moisture so it is ready to burn Wood chips from Aged &amp; Charred are sized for burning quickly and creating a rich plume of smoke ",https://www.sensorgift.com/products/original-wood-chips-80g?variant=39621955321954,https://cdn.shopify.com/s/files/1/0555/7338/1218/products/4.jpg?v=1646738829,14.99 USD,,in stock,new,,N/A,Sensorgift,,,,,,,,,,,0,,,,,,
39666276204642,PLUS SIZE BACKLESS SHAPER BRA," SOMETHING BACKLESS, WE ARE THE SOLUTION. Say hello to our backless body bra.Â We broke the internet with it.Â And now we want you to look and feel your BEST at all times. ğŸ‘— It is usually worn under wedding dresses, party dresses, and a variety of low-cut clothes and necklines. HOW CAN I STYLE IT? Several styling options:Â The straps can be adjusted to be worn with halter style dresses, low-cut front, and criss-cross styles New removable invisible straps:Â Improved and durable.Â Completely seamless and imperceptible Designed to move with your body:Â Silky feeling!Â Sit, dance, and stretch with ease New Push-Up jumper:Â Well designed for support and raised bust - a serious push boostÂ  Sticky glue:Â To keep the garment attached to the body without it slipping off Seamless string back with hook &amp; loop closure:Â Smooths camel toe and gives you easy access to the bathroom 84% Nylon, 16% Spandex This body has been designed to facilitate the wearing of your dresses or halter tops.Â With adjustable straps and transparent anti-slip bars, our product disappears under your clothes. Â PUSH-UP BH With its light pillows, our body will lift your breasts and give them a more rounded look. In addition, the straps are adjustable!Â So do not worry, you have several options to make yourself look as good as possible.Â The straps on our body are easy to adjust. STRING DESIGN We have thought about all the problems we face as women (and there are too many). One of the big problems in our lives is the line of faith under our clothes!Â Okay, we're exaggerating a bit, there are worse things, but it's still not that beautiful. So we designed our string bodysuit to avoid this problem that can ruin your beautiful summer outfit. ADJUSTABLE AND REMOVABLE INVISIBLE STRAPS Detach orÂ adjust the clear strapsÂ as per your need and can try different strap designs every time Â  LOW V PLUNGE NECKLINE BUILD THE SEXIEST LOOK PERFECT SHAPE YOUR BODY Underwire supportsÂ andÂ lifts breasts Make waist curve perfect Sexy thong and adjustable crotch design Slight compression forceÂ fits your body perfectlyÂ and provides you with aÂ slimming effect MULTIPLE STYLING OPTIONS FOR YOUR OUTFITS Â  Selection of the best shaping materials âœ…Â Only authentic NTD backless shapewear gives you the best quality shaper and valuable material. Be careful with other bad material counterfeit products with low prices. SIZE CHART If you are in doubt or between 2 sizes, we recommend you a bigger one! ",https://www.sensorgift.com/products/plus-size-backless-shaper-bra?variant=39666276204642,https://cdn.shopify.com/s/files/1/0555/7338/1218/products/bl1.webp?v=1647704256,39.95 USD,,in stock,new,,N/A,sensorgift,,,,Black,,,,S,,,0,,,,,,
39666276237410,PLUS SIZE BACKLESS SHAPER BRA," SOMETHING BACKLESS, WE ARE THE SOLUTION. Say hello to our backless body bra.Â We broke the internet with it.Â And now we want you to look and feel your BEST at all times. ğŸ‘— It is usually worn under wedding dresses, party dresses, and a variety of low-cut clothes and necklines. HOW CAN I STYLE IT? Several styling options:Â The straps can be adjusted to be worn with halter style dresses, low-cut front, and criss-cross styles New removable invisible straps:Â Improved and durable.Â Completely seamless and imperceptible Designed to move with your body:Â Silky feeling!Â Sit, dance, and stretch with ease New Push-Up jumper:Â Well designed for support and raised bust - a serious push boostÂ  Sticky glue:Â To keep the garment attached to the body without it slipping off Seamless string back with hook &amp; loop closure:Â Smooths camel toe and gives you easy access to the bathroom 84% Nylon, 16% Spandex This body has been designed to facilitate the wearing of your dresses or halter tops.Â With adjustable straps and transparent anti-slip bars, our product disappears under your clothes. Â PUSH-UP BH With its light pillows, our body will lift your breasts and give them a more rounded look. In addition, the straps are adjustable!Â So do not worry, you have several options to make yourself look as good as possible.Â The straps on our body are easy to adjust. STRING DESIGN We have thought about all the problems we face as women (and there are too many). One of the big problems in our lives is the line of faith under our clothes!Â Okay, we're exaggerating a bit, there are worse things, but it's still not that beautiful. So we designed our string bodysuit to avoid this problem that can ruin your beautiful summer outfit. ADJUSTABLE AND REMOVABLE INVISIBLE STRAPS Detach orÂ adjust the clear strapsÂ as per your need and can try different strap designs every time Â  LOW V PLUNGE NECKLINE BUILD THE SEXIEST LOOK PERFECT SHAPE YOUR BODY Underwire supportsÂ andÂ lifts breasts Make waist curve perfect Sexy thong and adjustable crotch design Slight compression forceÂ fits your body perfectlyÂ and provides you with aÂ slimming effect MULTIPLE STYLING OPTIONS FOR YOUR OUTFITS Â  Selection of the best shaping materials âœ…Â Only authentic NTD backless shapewear gives you the best quality shaper and valuable material. Be careful with other bad material counterfeit products with low prices. SIZE CHART If you are in doubt or between 2 sizes, we recommend you a bigger one! ",https://www.sensorgift.com/products/plus-size-backless-shaper-bra?variant=39666276237410,https://cdn.shopify.com/s/files/1/0555/7338/1218/products/bl1.webp?v=1647704256,39.95 USD,,in stock,new,,N/A,sensorgift,,,,Black,,,,M,,,0,,,,,,
39666276270178,PLUS SIZE BACKLESS SHAPER BRA," SOMETHING BACKLESS, WE ARE THE SOLUTION. Say hello to our backless body bra.Â We broke the internet with it.Â And now we want you to look and feel your BEST at all times. ğŸ‘— It is usually worn under wedding dresses, party dresses, and a variety of low-cut clothes and necklines. HOW CAN I STYLE IT? Several styling options:Â The straps can be adjusted to be worn with halter style dresses, low-cut front, and criss-cross styles New removable invisible straps:Â Improved and durable.Â Completely seamless and imperceptible Designed to move with your body:Â Silky feeling!Â Sit, dance, and stretch with ease New Push-Up jumper:Â Well designed for support and raised bust - a serious push boostÂ  Sticky glue:Â To keep the garment attached to the body without it slipping off Seamless string back with hook &amp; loop closure:Â Smooths camel toe and gives you easy access to the bathroom 84% Nylon, 16% Spandex This body has been designed to facilitate the wearing of your dresses or halter tops.Â With adjustable straps and transparent anti-slip bars, our product disappears under your clothes. Â PUSH-UP BH With its light pillows, our body will lift your breasts and give them a more rounded look. In addition, the straps are adjustable!Â So do not worry, you have several options to make yourself look as good as possible.Â The straps on our body are easy to adjust. STRING DESIGN We have thought about all the problems we face as women (and there are too many). One of the big problems in our lives is the line of faith under our clothes!Â Okay, we're exaggerating a bit, there are worse things, but it's still not that beautiful. So we designed our string bodysuit to avoid this problem that can ruin your beautiful summer outfit. ADJUSTABLE AND REMOVABLE INVISIBLE STRAPS Detach orÂ adjust the clear strapsÂ as per your need and can try different strap designs every time Â  LOW V PLUNGE NECKLINE BUILD THE SEXIEST LOOK PERFECT SHAPE YOUR BODY Underwire supportsÂ andÂ lifts breasts Make waist curve perfect Sexy thong and adjustable crotch design Slight compression forceÂ fits your body perfectlyÂ and provides you with aÂ slimming effect MULTIPLE STYLING OPTIONS FOR YOUR OUTFITS Â  Selection of the best shaping materials âœ…Â Only authentic NTD backless shapewear gives you the best quality shaper and valuable material. Be careful with other bad material counterfeit products with low prices. SIZE CHART If you are in doubt or between 2 sizes, we recommend you a bigger one! ",https://www.sensorgift.com/products/plus-size-backless-shaper-bra?variant=39666276270178,https://cdn.shopify.com/s/files/1/0555/7338/1218/products/bl1.webp?v=1647704256,39.95 USD,,in stock,new,,N/A,sensorgift,,,,Black,,,,L,,,0,,,,,,
39666276302946,PLUS SIZE BACKLESS SHAPER BRA," SOMETHING BACKLESS, WE ARE THE SOLUTION. Say hello to our backless body bra.Â We broke the internet with it.Â And now we want you to look and feel your BEST at all times. ğŸ‘— It is usually worn under wedding dresses, party dresses, and a variety of low-cut clothes and necklines. HOW CAN I STYLE IT? Several styling options:Â The straps can be adjusted to be worn with halter style dresses, low-cut front, and criss-cross styles New removable invisible straps:Â Improved and durable.Â Completely seamless and imperceptible Designed to move with your body:Â Silky feeling!Â Sit, dance, and stretch with ease New Push-Up jumper:Â Well designed for support and raised bust - a serious push boostÂ  Sticky glue:Â To keep the garment attached to the body without it slipping off Seamless string back with hook &amp; loop closure:Â Smooths camel toe and gives you easy access to the bathroom 84% Nylon, 16% Spandex This body has been designed to facilitate the wearing of your dresses or halter tops.Â With adjustable straps and transparent anti-slip bars, our product disappears under your clothes. Â PUSH-UP BH With its light pillows, our body will lift your breasts and give them a more rounded look. In addition, the straps are adjustable!Â So do not worry, you have several options to make yourself look as good as possible.Â The straps on our body are easy to adjust. STRING DESIGN We have thought about all the problems we face as women (and there are too many). One of the big problems in our lives is the line of faith under our clothes!Â Okay, we're exaggerating a bit, there are worse things, but it's still not that beautiful. So we designed our string bodysuit to avoid this problem that can ruin your beautiful summer outfit. ADJUSTABLE AND REMOVABLE INVISIBLE STRAPS Detach orÂ adjust the clear strapsÂ as per your need and can try different strap designs every time Â  LOW V PLUNGE NECKLINE BUILD THE SEXIEST LOOK PERFECT SHAPE YOUR BODY Underwire supportsÂ andÂ lifts breasts Make waist curve perfect Sexy thong and adjustable crotch design Slight compression forceÂ fits your body perfectlyÂ and provides you with aÂ slimming effect MULTIPLE STYLING OPTIONS FOR YOUR OUTFITS Â  Selection of the best shaping materials âœ…Â Only authentic NTD backless shapewear gives you the best quality shaper and valuable material. Be careful with other bad material counterfeit products with low prices. SIZE CHART If you are in doubt or between 2 sizes, we recommend you a bigger one! ",https://www.sensorgift.com/products/plus-size-backless-shaper-bra?variant=39666276302946,https://cdn.shopify.com/s/files/1/0555/7338/1218/products/bl1.webp?v=1647704256,39.95 USD,,in stock,new,,N/A,sensorgift,,,,Black,,,,XL,,,0,,,,,,
39666276335714,PLUS SIZE BACKLESS SHAPER BRA," SOMETHING BACKLESS, WE ARE THE SOLUTION. Say hello to our backless body bra.Â We broke the internet with it.Â And now we want you to look and feel your BEST at all times. ğŸ‘— It is usually worn under wedding dresses, party dresses, and a variety of low-cut clothes and necklines. HOW CAN I STYLE IT? Several styling options:Â The straps can be adjusted to be worn with halter style dresses, low-cut front, and criss-cross styles New removable invisible straps:Â Improved and durable.Â Completely seamless and imperceptible Designed to move with your body:Â Silky feeling!Â Sit, dance, and stretch with ease New Push-Up jumper:Â Well designed for support and raised bust - a serious push boostÂ  Sticky glue:Â To keep the garment attached to the body without it slipping off Seamless string back with hook &amp; loop closure:Â Smooths camel toe and gives you easy access to the bathroom 84% Nylon, 16% Spandex This body has been designed to facilitate the wearing of your dresses or halter tops.Â With adjustable straps and transparent anti-slip bars, our product disappears under your clothes. Â PUSH-UP BH With its light pillows, our body will lift your breasts and give them a more rounded look. In addition, the straps are adjustable!Â So do not worry, you have several options to make yourself look as good as possible.Â The straps on our body are easy to adjust. STRING DESIGN We have thought about all the problems we face as women (and there are too many). One of the big problems in our lives is the line of faith under our clothes!Â Okay, we're exaggerating a bit, there are worse things, but it's still not that beautiful. So we designed our string bodysuit to avoid this problem that can ruin your beautiful summer outfit. ADJUSTABLE AND REMOVABLE INVISIBLE STRAPS Detach orÂ adjust the clear strapsÂ as per your need and can try different strap designs every time Â  LOW V PLUNGE NECKLINE BUILD THE SEXIEST LOOK PERFECT SHAPE YOUR BODY Underwire supportsÂ andÂ lifts breasts Make waist curve perfect Sexy thong and adjustable crotch design Slight compression forceÂ fits your body perfectlyÂ and provides you with aÂ slimming effect MULTIPLE STYLING OPTIONS FOR YOUR OUTFITS Â  Selection of the best shaping materials âœ…Â Only authentic NTD backless shapewear gives you the best quality shaper and valuable material. Be careful with other bad material counterfeit products with low prices. SIZE CHART If you are in doubt or between 2 sizes, we recommend you a bigger one! ",https://www.sensorgift.com/products/plus-size-backless-shaper-bra?variant=39666276335714,https://cdn.shopify.com/s/files/1/0555/7338/1218/products/bl1.webp?v=1647704256,39.95 USD,,in stock,new,,N/A,sensorgift,,,,Black,,,,XXL,,,0,,,,,,
39666276368482,PLUS SIZE BACKLESS SHAPER BRA," SOMETHING BACKLESS, WE ARE THE SOLUTION. Say hello to our backless body bra.Â We broke the internet with it.Â And now we want you to look and feel your BEST at all times. ğŸ‘— It is usually worn under wedding dresses, party dresses, and a variety of low-cut clothes and necklines. HOW CAN I STYLE IT? Several styling options:Â The straps can be adjusted to be worn with halter style dresses, low-cut front, and criss-cross styles New removable invisible straps:Â Improved and durable.Â Completely seamless and imperceptible Designed to move with your body:Â Silky feeling!Â Sit, dance, and stretch with ease New Push-Up jumper:Â Well designed for support and raised bust - a serious push boostÂ  Sticky glue:Â To keep the garment attached to the body without it slipping off Seamless string back with hook &amp; loop closure:Â Smooths camel toe and gives you easy access to the bathroom 84% Nylon, 16% Spandex This body has been designed to facilitate the wearing of your dresses or halter tops.Â With adjustable straps and transparent anti-slip bars, our product disappears under your clothes. Â PUSH-UP BH With its light pillows, our body will lift your breasts and give them a more rounded look. In addition, the straps are adjustable!Â So do not worry, you have several options to make yourself look as good as possible.Â The straps on our body are easy to adjust. STRING DESIGN We have thought about all the problems we face as women (and there are too many). One of the big problems in our lives is the line of faith under our clothes!Â Okay, we're exaggerating a bit, there are worse things, but it's still not that beautiful. So we designed our string bodysuit to avoid this problem that can ruin your beautiful summer outfit. ADJUSTABLE AND REMOVABLE INVISIBLE STRAPS Detach orÂ adjust the clear strapsÂ as per your need and can try different strap designs every time Â  LOW V PLUNGE NECKLINE BUILD THE SEXIEST LOOK PERFECT SHAPE YOUR BODY Underwire supportsÂ andÂ lifts breasts Make waist curve perfect Sexy thong and adjustable crotch design Slight compression forceÂ fits your body perfectlyÂ and provides you with aÂ slimming effect MULTIPLE STYLING OPTIONS FOR YOUR OUTFITS Â  Selection of the best shaping materials âœ…Â Only authentic NTD backless shapewear gives you the best quality shaper and valuable material. Be careful with other bad material counterfeit products with low prices. SIZE CHART If you are in doubt or between 2 sizes, we recommend you a bigger one! ",https://www.sensorgift.com/products/plus-size-backless-shaper-bra?variant=39666276368482,https://cdn.shopify.com/s/files/1/0555/7338/1218/products/bl1.webp?v=1647704256,39.95 USD,,in stock,new,,N/A,sensorgift,,,,Black,,,,3XL,,,0,,,,,,
39666276401250,PLUS SIZE BACKLESS SHAPER BRA," SOMETHING BACKLESS, WE ARE THE SOLUTION. Say hello to our backless body bra.Â We broke the internet with it.Â And now we want you to look and feel your BEST at all times. ğŸ‘— It is usually worn under wedding dresses, party dresses, and a variety of low-cut clothes and necklines. HOW CAN I STYLE IT? Several styling options:Â The straps can be adjusted to be worn with halter style dresses, low-cut front, and criss-cross styles New removable invisible straps:Â Improved and durable.Â Completely seamless and imperceptible Designed to move with your body:Â Silky feeling!Â Sit, dance, and stretch with ease New Push-Up jumper:Â Well designed for support and raised bust - a serious push boostÂ  Sticky glue:Â To keep the garment attached to the body without it slipping off Seamless string back with hook &amp; loop closure:Â Smooths camel toe and gives you easy access to the bathroom 84% Nylon, 16% Spandex This body has been designed to facilitate the wearing of your dresses or halter tops.Â With adjustable straps and transparent anti-slip bars, our product disappears under your clothes. Â PUSH-UP BH With its light pillows, our body will lift your breasts and give them a more rounded look. In addition, the straps are adjustable!Â So do not worry, you have several options to make yourself look as good as possible.Â The straps on our body are easy to adjust. STRING DESIGN We have thought about all the problems we face as women (and there are too many). One of the big problems in our lives is the line of faith under our clothes!Â Okay, we're exaggerating a bit, there are worse things, but it's still not that beautiful. So we designed our string bodysuit to avoid this problem that can ruin your beautiful summer outfit. ADJUSTABLE AND REMOVABLE INVISIBLE STRAPS Detach orÂ adjust the clear strapsÂ as per your need and can try different strap designs every time Â  LOW V PLUNGE NECKLINE BUILD THE SEXIEST LOOK PERFECT SHAPE YOUR BODY Underwire supportsÂ andÂ lifts breasts Make waist curve perfect Sexy thong and adjustable crotch design Slight compression forceÂ fits your body perfectlyÂ and provides you with aÂ slimming effect MULTIPLE STYLING OPTIONS FOR YOUR OUTFITS Â  Selection of the best shaping materials âœ…Â Only authentic NTD backless shapewear gives you the best quality shaper and valuable material. Be careful with other bad material counterfeit products with low prices. SIZE CHART If you are in doubt or between 2 sizes, we recommend you a bigger one! ",https://www.sensorgift.com/products/plus-size-backless-shaper-bra?variant=39666276401250,https://cdn.shopify.com/s/files/1/0555/7338/1218/products/b1.webp?v=1647704256,39.95 USD,,in stock,new,,N/A,sensorgift,,,,Beige,,,,S,,,0,,,,,,
39666276434018,PLUS SIZE BACKLESS SHAPER BRA," SOMETHING BACKLESS, WE ARE THE SOLUTION. Say hello to our backless body bra.Â We broke the internet with it.Â And now we want you to look and feel your BEST at all times. ğŸ‘— It is usually worn under wedding dresses, party dresses, and a variety of low-cut clothes and necklines. HOW CAN I STYLE IT? Several styling options:Â The straps can be adjusted to be worn with halter style dresses, low-cut front, and criss-cross styles New removable invisible straps:Â Improved and durable.Â Completely seamless and imperceptible Designed to move with your body:Â Silky feeling!Â Sit, dance, and stretch with ease New Push-Up jumper:Â Well designed for support and raised bust - a serious push boostÂ  Sticky glue:Â To keep the garment attached to the body without it slipping off Seamless string back with hook &amp; loop closure:Â Smooths camel toe and gives you easy access to the bathroom 84% Nylon, 16% Spandex This body has been designed to facilitate the wearing of your dresses or halter tops.Â With adjustable straps and transparent anti-slip bars, our product disappears under your clothes. Â PUSH-UP BH With its light pillows, our body will lift your breasts and give them a more rounded look. In addition, the straps are adjustable!Â So do not worry, you have several options to make yourself look as good as possible.Â The straps on our body are easy to adjust. STRING DESIGN We have thought about all the problems we face as women (and there are too many). One of the big problems in our lives is the line of faith under our clothes!Â Okay, we're exaggerating a bit, there are worse things, but it's still not that beautiful. So we designed our string bodysuit to avoid this problem that can ruin your beautiful summer outfit. ADJUSTABLE AND REMOVABLE INVISIBLE STRAPS Detach orÂ adjust the clear strapsÂ as per your need and can try different strap designs every time Â  LOW V PLUNGE NECKLINE BUILD THE SEXIEST LOOK PERFECT SHAPE YOUR BODY Underwire supportsÂ andÂ lifts breasts Make waist curve perfect Sexy thong and adjustable crotch design Slight compression forceÂ fits your body perfectlyÂ and provides you with aÂ slimming effect MULTIPLE STYLING OPTIONS FOR YOUR OUTFITS Â  Selection of the best shaping materials âœ…Â Only authentic NTD backless shapewear gives you the best quality shaper and valuable material. Be careful with other bad material counterfeit products with low prices. SIZE CHART If you are in doubt or between 2 sizes, we recommend you a bigger one! ",https://www.sensorgift.com/products/plus-size-backless-shaper-bra?variant=39666276434018,https://cdn.shopify.com/s/files/1/0555/7338/1218/products/b1.webp?v=1647704256,39.95 USD,,in stock,new,,N/A,sensorgift,,,,Beige,,,,M,,,0,,,,,,
39666276466786,PLUS SIZE BACKLESS SHAPER BRA," SOMETHING BACKLESS, WE ARE THE SOLUTION. Say hello to our backless body bra.Â We broke the internet with it.Â And now we want you to look and feel your BEST at all times. ğŸ‘— It is usually worn under wedding dresses, party dresses, and a variety of low-cut clothes and necklines. HOW CAN I STYLE IT? Several styling options:Â The straps can be adjusted to be worn with halter style dresses, low-cut front, and criss-cross styles New removable invisible straps:Â Improved and durable.Â Completely seamless and imperceptible Designed to move with your body:Â Silky feeling!Â Sit, dance, and stretch with ease New Push-Up jumper:Â Well designed for support and raised bust - a serious push boostÂ  Sticky glue:Â To keep the garment attached to the body without it slipping off Seamless string back with hook &amp; loop closure:Â Smooths camel toe and gives you easy access to the bathroom 84% Nylon, 16% Spandex This body has been designed to facilitate the wearing of your dresses or halter tops.Â With adjustable straps and transparent anti-slip bars, our product disappears under your clothes. Â PUSH-UP BH With its light pillows, our body will lift your breasts and give them a more rounded look. In addition, the straps are adjustable!Â So do not worry, you have several options to make yourself look as good as possible.Â The straps on our body are easy to adjust. STRING DESIGN We have thought about all the problems we face as women (and there are too many). One of the big problems in our lives is the line of faith under our clothes!Â Okay, we're exaggerating a bit, there are worse things, but it's still not that beautiful. So we designed our string bodysuit to avoid this problem that can ruin your beautiful summer outfit. ADJUSTABLE AND REMOVABLE INVISIBLE STRAPS Detach orÂ adjust the clear strapsÂ as per your need and can try different strap designs every time Â  LOW V PLUNGE NECKLINE BUILD THE SEXIEST LOOK PERFECT SHAPE YOUR BODY Underwire supportsÂ andÂ lifts breasts Make waist curve perfect Sexy thong and adjustable crotch design Slight compression forceÂ fits your body perfectlyÂ and provides you with aÂ slimming effect MULTIPLE STYLING OPTIONS FOR YOUR OUTFITS Â  Selection of the best shaping materials âœ…Â Only authentic NTD backless shapewear gives you the best quality shaper and valuable material. Be careful with other bad material counterfeit products with low prices. SIZE CHART If you are in doubt or between 2 sizes, we recommend you a bigger one! ",https://www.sensorgift.com/products/plus-size-backless-shaper-bra?variant=39666276466786,https://cdn.shopify.com/s/files/1/0555/7338/1218/products/b1.webp?v=1647704256,39.95 USD,,in stock,new,,N/A,sensorgift,,,,Beige,,,,L,,,0,,,,,,
39666276499554,PLUS SIZE BACKLESS SHAPER BRA," SOMETHING BACKLESS, WE ARE THE SOLUTION. Say hello to our backless body bra.Â We broke the internet with it.Â And now we want you to look and feel your BEST at all times. ğŸ‘— It is usually worn under wedding dresses, party dresses, and a variety of low-cut clothes and necklines. HOW CAN I STYLE IT? Several styling options:Â The straps can be adjusted to be worn with halter style dresses, low-cut front, and criss-cross styles New removable invisible straps:Â Improved and durable.Â Completely seamless and imperceptible Designed to move with your body:Â Silky feeling!Â Sit, dance, and stretch with ease New Push-Up jumper:Â Well designed for support and raised bust - a serious push boostÂ  Sticky glue:Â To keep the garment attached to the body without it slipping off Seamless string back with hook &amp; loop closure:Â Smooths camel toe and gives you easy access to the bathroom 84% Nylon, 16% Spandex This body has been designed to facilitate the wearing of your dresses or halter tops.Â With adjustable straps and transparent anti-slip bars, our product disappears under your clothes. Â PUSH-UP BH With its light pillows, our body will lift your breasts and give them a more rounded look. In addition, the straps are adjustable!Â So do not worry, you have several options to make yourself look as good as possible.Â The straps on our body are easy to adjust. STRING DESIGN We have thought about all the problems we face as women (and there are too many). One of the big problems in our lives is the line of faith under our clothes!Â Okay, we're exaggerating a bit, there are worse things, but it's still not that beautiful. So we designed our string bodysuit to avoid this problem that can ruin your beautiful summer outfit. ADJUSTABLE AND REMOVABLE INVISIBLE STRAPS Detach orÂ adjust the clear strapsÂ as per your need and can try different strap designs every time Â  LOW V PLUNGE NECKLINE BUILD THE SEXIEST LOOK PERFECT SHAPE YOUR BODY Underwire supportsÂ andÂ lifts breasts Make waist curve perfect Sexy thong and adjustable crotch design Slight compression forceÂ fits your body perfectlyÂ and provides you with aÂ slimming effect MULTIPLE STYLING OPTIONS FOR YOUR OUTFITS Â  Selection of the best shaping materials âœ…Â Only authentic NTD backless shapewear gives you the best quality shaper and valuable material. Be careful with other bad material counterfeit products with low prices. SIZE CHART If you are in doubt or between 2 sizes, we recommend you a bigger one! ",https://www.sensorgift.com/products/plus-size-backless-shaper-bra?variant=39666276499554,https://cdn.shopify.com/s/files/1/0555/7338/1218/products/b1.webp?v=1647704256,39.95 USD,,in stock,new,,N/A,sensorgift,,,,Beige,,,,XL,,,0,,,,,,
39666276532322,PLUS SIZE BACKLESS SHAPER BRA," SOMETHING BACKLESS, WE ARE THE SOLUTION. Say hello to our backless body bra.Â We broke the internet with it.Â And now we want you to look and feel your BEST at all times. ğŸ‘— It is usually worn under wedding dresses, party dresses, and a variety of low-cut clothes and necklines. HOW CAN I STYLE IT? Several styling options:Â The straps can be adjusted to be worn with halter style dresses, low-cut front, and criss-cross styles New removable invisible straps:Â Improved and durable.Â Completely seamless and imperceptible Designed to move with your body:Â Silky feeling!Â Sit, dance, and stretch with ease New Push-Up jumper:Â Well designed for support and raised bust - a serious push boostÂ  Sticky glue:Â To keep the garment attached to the body without it slipping off Seamless string back with hook &amp; loop closure:Â Smooths camel toe and gives you easy access to the bathroom 84% Nylon, 16% Spandex This body has been designed to facilitate the wearing of your dresses or halter tops.Â With adjustable straps and transparent anti-slip bars, our product disappears under your clothes. Â PUSH-UP BH With its light pillows, our body will lift your breasts and give them a more rounded look. In addition, the straps are adjustable!Â So do not worry, you have several options to make yourself look as good as possible.Â The straps on our body are easy to adjust. STRING DESIGN We have thought about all the problems we face as women (and there are too many). One of the big problems in our lives is the line of faith under our clothes!Â Okay, we're exaggerating a bit, there are worse things, but it's still not that beautiful. So we designed our string bodysuit to avoid this problem that can ruin your beautiful summer outfit. ADJUSTABLE AND REMOVABLE INVISIBLE STRAPS Detach orÂ adjust the clear strapsÂ as per your need and can try different strap designs every time Â  LOW V PLUNGE NECKLINE BUILD THE SEXIEST LOOK PERFECT SHAPE YOUR BODY Underwire supportsÂ andÂ lifts breasts Make waist curve perfect Sexy thong and adjustable crotch design Slight compression forceÂ fits your body perfectlyÂ and provides you with aÂ slimming effect MULTIPLE STYLING OPTIONS FOR YOUR OUTFITS Â  Selection of the best shaping materials âœ…Â Only authentic NTD backless shapewear gives you the best quality shaper and valuable material. Be careful with other bad material counterfeit products with low prices. SIZE CHART If you are in doubt or between 2 sizes, we recommend you a bigger one! ",https://www.sensorgift.com/products/plus-size-backless-shaper-bra?variant=39666276532322,https://cdn.shopify.com/s/files/1/0555/7338/1218/products/b1.webp?v=1647704256,39.95 USD,,in stock,new,,N/A,sensorgift,,,,Beige,,,,XXL,,,0,,,,,,
39666276565090,PLUS SIZE BACKLESS SHAPER BRA," SOMETHING BACKLESS, WE ARE THE SOLUTION. Say hello to our backless body bra.Â We broke the internet with it.Â And now we want you to look and feel your BEST at all times. ğŸ‘— It is usually worn under wedding dresses, party dresses, and a variety of low-cut clothes and necklines. HOW CAN I STYLE IT? Several styling options:Â The straps can be adjusted to be worn with halter style dresses, low-cut front, and criss-cross styles New removable invisible straps:Â Improved and durable.Â Completely seamless and imperceptible Designed to move with your body:Â Silky feeling!Â Sit, dance, and stretch with ease New Push-Up jumper:Â Well designed for support and raised bust - a serious push boostÂ  Sticky glue:Â To keep the garment attached to the body without it slipping off Seamless string back with hook &amp; loop closure:Â Smooths camel toe and gives you easy access to the bathroom 84% Nylon, 16% Spandex This body has been designed to facilitate the wearing of your dresses or halter tops.Â With adjustable straps and transparent anti-slip bars, our product disappears under your clothes. Â PUSH-UP BH With its light pillows, our body will lift your breasts and give them a more rounded look. In addition, the straps are adjustable!Â So do not worry, you have several options to make yourself look as good as possible.Â The straps on our body are easy to adjust. STRING DESIGN We have thought about all the problems we face as women (and there are too many). One of the big problems in our lives is the line of faith under our clothes!Â Okay, we're exaggerating a bit, there are worse things, but it's still not that beautiful. So we designed our string bodysuit to avoid this problem that can ruin your beautiful summer outfit. ADJUSTABLE AND REMOVABLE INVISIBLE STRAPS Detach orÂ adjust the clear strapsÂ as per your need and can try different strap designs every time Â  LOW V PLUNGE NECKLINE BUILD THE SEXIEST LOOK PERFECT SHAPE YOUR BODY Underwire supportsÂ andÂ lifts breasts Make waist curve perfect Sexy thong and adjustable crotch design Slight compression forceÂ fits your body perfectlyÂ and provides you with aÂ slimming effect MULTIPLE STYLING OPTIONS FOR YOUR OUTFITS Â  Selection of the best shaping materials âœ…Â Only authentic NTD backless shapewear gives you the best quality shaper and valuable material. Be careful with other bad material counterfeit products with low prices. SIZE CHART If you are in doubt or between 2 sizes, we recommend you a bigger one! ",https://www.sensorgift.com/products/plus-size-backless-shaper-bra?variant=39666276565090,https://cdn.shopify.com/s/files/1/0555/7338/1218/products/b1.webp?v=1647704256,39.95 USD,,in stock,new,,N/A,sensorgift,,,,Beige,,,,3XL,,,0,,,,,,
39666843058274,Queen Bee Crystal Drop Earrings," Bee populations are declining rapidly due to climate change, pesticides, pollution, habitat loss and decreasing in crop diversity.Â  Together we can protect them and keep our friendly bees buzzing and raise awareness of how important they are to us. Â  Wear these earrings with pride, knowing that a % of your purchase will go towards different organizations to help and save bees to keep the Buzzinggg! This will ensure that our bees are kept safe and reduce the declining of their population and raise awareness of their importance. Not only these bee earrings are adorable, they are also very fashionable as well. The earring will definitely turn heads and be noticed, and it can acts as a reminder that you have helped the bee colonies which plays a huge importance to us all. Our earrings are nickel, lead and cadmium free and it is also hypoallergenic so it is perfect for everyday wear.Â ",https://www.sensorgift.com/products/queen-bee-crystal-drop-earrings?variant=39666843058274,https://cdn.shopify.com/s/files/1/0555/7338/1218/products/product-image-1751894426_1024x1024_2x_6fcc6d78-bf26-4c55-8e33-6658e21833c8.webp?v=1647786606,39.95 USD,19.99 USD,in stock,new,,N/A,sensorgift,,,,,,,,,,,0,,,,,,
39670499410018,Summer Bling," This summer bling sandals are perfect for a nice sunny day walk or a nice day at the beach. These fashionable sandals guarantee you get some compliments wherever you go! Made with high-quality material, our Summer Bling Sandals are the perfect choice for all your everyday occasions! Â ",https://www.sensorgift.com/products/summer-bling?variant=39670499410018,https://cdn.shopify.com/s/files/1/0555/7338/1218/products/white.jpg?v=1647951374,39.95 USD,,in stock,new,,N/A,sensorgift,,,,WHITE,,,,5.5(36),,,0,,,,,,
39670499442786,Summer Bling," This summer bling sandals are perfect for a nice sunny day walk or a nice day at the beach. These fashionable sandals guarantee you get some compliments wherever you go! Made with high-quality material, our Summer Bling Sandals are the perfect choice for all your everyday occasions! Â ",https://www.sensorgift.com/products/summer-bling?variant=39670499442786,https://cdn.shopify.com/s/files/1/0555/7338/1218/products/white.jpg?v=1647951374,39.95 USD,,in stock,new,,N/A,sensorgift,,,,WHITE,,,,6(37),,,0,,,,,,
39670499475554,Summer Bling," This summer bling sandals are perfect for a nice sunny day walk or a nice day at the beach. These fashionable sandals guarantee you get some compliments wherever you go! Made with high-quality material, our Summer Bling Sandals are the perfect choice for all your everyday occasions! Â ",https://www.sensorgift.com/products/summer-bling?variant=39670499475554,https://cdn.shopify.com/s/files/1/0555/7338/1218/products/white.jpg?v=1647951374,39.95 USD,,in stock,new,,N/A,sensorgift,,,,WHITE,,,,7(38),,,0,,,,,,
39670499541090,Summer Bling," This summer bling sandals are perfect for a nice sunny day walk or a nice day at the beach. These fashionable sandals guarantee you get some compliments wherever you go! Made with high-quality material, our Summer Bling Sandals are the perfect choice for all your everyday occasions! Â ",https://www.sensorgift.com/products/summer-bling?variant=39670499541090,https://cdn.shopify.com/s/files/1/0555/7338/1218/products/white.jpg?v=1647951374,39.95 USD,,in stock,new,,N/A,sensorgift,,,,WHITE,,,,8(39),,,0,,,,,,
39670499573858,Summer Bling," This summer bling sandals are perfect for a nice sunny day walk or a nice day at the beach. These fashionable sandals guarantee you get some compliments wherever you go! Made with high-quality material, our Summer Bling Sandals are the perfect choice for all your everyday occasions! Â ",https://www.sensorgift.com/products/summer-bling?variant=39670499573858,https://cdn.shopify.com/s/files/1/0555/7338/1218/products/white.jpg?v=1647951374,39.95 USD,,in stock,new,,N/A,sensorgift,,,,WHITE,,,,9(40),,,0,,,,,,
39670499606626,Summer Bling," This summer bling sandals are perfect for a nice sunny day walk or a nice day at the beach. These fashionable sandals guarantee you get some compliments wherever you go! Made with high-quality material, our Summer Bling Sandals are the perfect choice for all your everyday occasions! Â ",https://www.sensorgift.com/products/summer-bling?variant=39670499606626,https://cdn.shopify.com/s/files/1/0555/7338/1218/products/white.jpg?v=1647951374,39.95 USD,,in stock,new,,N/A,sensorgift,,,,WHITE,,,,10(42),,,0,,,,,,
39670499639394,Summer Bling," This summer bling sandals are perfect for a nice sunny day walk or a nice day at the beach. These fashionable sandals guarantee you get some compliments wherever you go! Made with high-quality material, our Summer Bling Sandals are the perfect choice for all your everyday occasions! Â ",https://www.sensorgift.com/products/summer-bling?variant=39670499639394,https://cdn.shopify.com/s/files/1/0555/7338/1218/products/white.jpg?v=1647951374,39.95 USD,,in stock,new,,N/A,sensorgift,,,,WHITE,,,,11(43),,,0,,,,,,
39670499672162,Summer Bling," This summer bling sandals are perfect for a nice sunny day walk or a nice day at the beach. These fashionable sandals guarantee you get some compliments wherever you go! Made with high-quality material, our Summer Bling Sandals are the perfect choice for all your everyday occasions! Â ",https://www.sensorgift.com/products/summer-bling?variant=39670499672162,https://cdn.shopify.com/s/files/1/0555/7338/1218/products/white.jpg?v=1647951374,39.95 USD,,in stock,new,,N/A,sensorgift,,,,WHITE,,,,9.5(41),,,0,,,,,,
39670499704930,Summer Bling," This summer bling sandals are perfect for a nice sunny day walk or a nice day at the beach. These fashionable sandals guarantee you get some compliments wherever you go! Made with high-quality material, our Summer Bling Sandals are the perfect choice for all your everyday occasions! Â ",https://www.sensorgift.com/products/summer-bling?variant=39670499704930,https://cdn.shopify.com/s/files/1/0555/7338/1218/products/red.jpg?v=1647951374,39.95 USD,,in stock,new,,N/A,sensorgift,,,,RED,,,,5.5(36),,,0,,,,,,
39670499737698,Summer Bling," This summer bling sandals are perfect for a nice sunny day walk or a nice day at the beach. These fashionable sandals guarantee you get some compliments wherever you go! Made with high-quality material, our Summer Bling Sandals are the perfect choice for all your everyday occasions! Â ",https://www.sensorgift.com/products/summer-bling?variant=39670499737698,https://cdn.shopify.com/s/files/1/0555/7338/1218/products/red.jpg?v=1647951374,39.95 USD,,in stock,new,,N/A,sensorgift,,,,RED,,,,6(37),,,0,,,,,,